Workbook

Sheet Raw Data
A1: Track | B1: Train No | C1: Start Sensor | D1: End Sensor | E1: Speed Step | F1: Constant Speed Distance (mm) | G1: Constant Speed Time Start (us) | H1: Current Speed Time End (us) | I1: Overshoot End time (us) | J1: distance (mm) | K1: Offset Correction (mm) | L1: Distance to metal plate (mm) | M1: Constant Speed Time Difference (us) | N1: Overshoot Time Difference (us) | O1: Observed Speed (mm/us) | P1: Overshoot Distance | Q1: Distance Without Overshoot From Sensor (mm) | U1: V_i ^ 4 | V1: V_i ^ 2 | W1: V_i ^ 2 * di
A2: A | B2: 18 | C2: C5 | D2: C15 | E2: 8 | F2: 300 | G2: 84764504 | H2: 85664578 | I2: 85666494 | J2: 233.5 | K2: 81 | L2: =J2 + K2 -> 314.5 | M2: =H2 - G2 -> 900074 | N2: =I2 - H2 -> 1916 | O2: =F2 / M2 -> 0.00033330593 | P2: =O2 * N2 -> 0.63861416 | Q2: =L2 - P2 -> 313.86139 | S2: =M2 - N2 -> 898158 | U2: =(O2 * 1000000) ^ 4 -> 12341619490 | V2: =(O2 * 1000000) ^ 2 -> 111092.84 | W2: =V2 * Q2 -> 34867753
A3: A | B3: 18 | C3: C5 | D3: C15 | E3: 8 | F3: 300 | G3: 284281588 | H3: 285181626 | I3: 285183487 | J3: 233.5 | K3: 81 | L3: =J3 + K3 -> 314.5 | M3: =H3 - G3 -> 900038 | N3: =I3 - H3 -> 1861 | O3: =F3 / M3 -> 0.00033331926 | P3: =O3 * N3 -> 0.62030714 | Q3: =L3 - P3 -> 313.87969 | S3: =M3 - N3 -> 898177 | U3: =(O3 * 1000000) ^ 4 -> 12343594184 | V3: =(O3 * 1000000) ^ 2 -> 111101.73 | W3: =V3 * Q3 -> 34872577
A4: A | B4: 18 | C4: C5 | D4: C15 | E4: 8 | F4: 300 | G4: 348687126 | H4: 349687086 | I4: 349688930 | J4: 243.5 | K4: 81 | L4: =J4 + K4 -> 324.5 | M4: =H4 - G4 -> 999960 | N4: =I4 - H4 -> 1844 | O4: =F4 / M4 -> 0.000300012 | P4: =O4 * N4 -> 0.55322213 | Q4: =L4 - P4 -> 323.94678 | S4: =M4 - N4 -> 998116 | U4: =(O4 * 1000000) ^ 4 -> 8101296130 | V4: =(O4 * 1000000) ^ 2 -> 90007.2 | W4: =V4 * Q4 -> 29157543
A5: A | B5: 18 | C5: C5 | D5: C15 | E5: 8 | F5: 300 | G5: 414092634 | H5: 415092814 | I5: 415094701 | J5: 246.5 | K5: 81 | L5: =J5 + K5 -> 327.5 | M5: =H5 - G5 -> 1000180 | N5: =I5 - H5 -> 1887 | O5: =F5 / M5 -> 0.00029994601 | P5: =O5 * N5 -> 0.56599812 | Q5: =L5 - P5 -> 326.934 | S5: =M5 - N5 -> 998293 | U5: =(O5 * 1000000) ^ 4 -> 8094170623 | V5: =(O5 * 1000000) ^ 2 -> 89967.609 | W5: =V5 * Q5 -> 29413470
A6: A | B6: 18 | C6: C5 | D6: C15 | E6: 8 | F6: 300 | G6: 492299374 | H6: 493299523 | I6: 493301342 | J6: 253.5 | K6: 81 | L6: =J6 + K6 -> 334.5 | M6: =H6 - G6 -> 1000149 | N6: =I6 - H6 -> 1819 | O6: =F6 / M6 -> 0.00029995531 | P6: =O6 * N6 -> 0.5456187 | Q6: =L6 - P6 -> 333.95438 | S6: =M6 - N6 -> 998330 | U6: =(O6 * 1000000) ^ 4 -> 8095174198 | V6: =(O6 * 1000000) ^ 2 -> 89973.186 | W6: =V6 * Q6 -> 30046940
A7: A | B7: 17 | C7: C5 | D7: C15 | E7: 8 | F7: 300 | G7: 64903142 | H7: 65903380 | I7: 65905221 | J7: 216 | K7: 81 | L7: =J7 + K7 -> 297 | M7: =H7 - G7 -> 1000238 | N7: =I7 - H7 -> 1841 | O7: =F7 / M7 -> 0.00029992862 | P7: =O7 * N7 -> 0.55216858 | Q7: =L7 - P7 -> 296.44783 | S7: =M7 - N7 -> 998397 | U7: =(O7 * 1000000) ^ 4 -> 8092293386 | V7: =(O7 * 1000000) ^ 2 -> 89957.175 | W7: =V7 * Q7 -> 26667610
A8: A | B8: 17 | C8: C5 | D8: C15 | E8: 8 | F8: 300 | G8: 149310608 | H8: 150310614 | I8: 150312499 | J8: 233.5 | K8: 81 | L8: =J8 + K8 -> 314.5 | M8: =H8 - G8 -> 1000006 | N8: =I8 - H8 -> 1885 | O8: =F8 / M8 -> 0.0002999982 | P8: =O8 * N8 -> 0.56549661 | Q8: =L8 - P8 -> 313.9345 | S8: =M8 - N8 -> 998121 | U8: =(O8 * 1000000) ^ 4 -> 8099805603 | V8: =(O8 * 1000000) ^ 2 -> 89998.92 | W8: =V8 * Q8 -> 28253766
A9: A | B9: 17 | C9: C5 | D9: C15 | E9: 8 | F9: 300 | G9: 233917858 | H9: 235017883 | I9: 235019700 | J9: 236 | K9: 81 | L9: =J9 + K9 -> 317 | M9: =H9 - G9 -> 1100025 | N9: =I9 - H9 -> 1817 | O9: =F9 / M9 -> 0.00027272107 | P9: =O9 * N9 -> 0.49553419 | Q9: =L9 - P9 -> 316.50447 | S9: =M9 - N9 -> 1098208 | U9: =(O9 * 1000000) ^ 4 -> 5531906071 | V9: =(O9 * 1000000) ^ 2 -> 74376.784 | W9: =V9 * Q9 -> 23540584
A10: A | B10: 17 | C10: C5 | D10: C15 | E10: 8 | F10: 300 | G10: 363629116 | H10: 364629105 | I10: 364630976 | J10: 226.5 | K10: 81 | L10: =J10 + K10 -> 307.5 | M10: =H10 - G10 -> 999989 | N10: =I10 - H10 -> 1871 | O10: =F10 / M10 -> 0.0003000033 | P10: =O10 * N10 -> 0.56130617 | Q10: =L10 - P10 -> 306.93869 | S10: =M10 - N10 -> 998118 | U10: =(O10 * 1000000) ^ 4 -> 8100356410 | V10: =(O10 * 1000000) ^ 2 -> 90001.98 | W10: =V10 * Q10 -> 27625090
A11: A | B11: 15 | C11: C5 | D11: C15 | E11: 8 | F11: 300 | G11: 46172416 | H11: 47172543 | I11: 47174412 | J11: 349 | K11: -31 | L11: =J11 + K11 -> 318 | M11: =H11 - G11 -> 1000127 | N11: =I11 - H11 -> 1869 | O11: =F11 / M11 -> 0.0002999619 | P11: =O11 * N11 -> 0.5606288 | Q11: =L11 - P11 -> 317.43937 | S11: =M11 - N11 -> 998258 | U11: =(O11 * 1000000) ^ 4 -> 8095886506 | V11: =(O11 * 1000000) ^ 2 -> 89977.144 | W11: =V11 * Q11 -> 28562288
A12: A | B12: 15 | C12: C5 | D12: C15 | E12: 8 | F12: 300 | G12: 151281565 | H12: 152281647 | I12: 152283548 | J12: 338 | K12: -31 | L12: =J12 + K12 -> 307 | M12: =H12 - G12 -> 1000082 | N12: =I12 - H12 -> 1901 | O12: =F12 / M12 -> 0.0002999754 | P12: =O12 * N12 -> 0.57025324 | Q12: =L12 - P12 -> 306.42975 | S12: =M12 - N12 -> 998181 | U12: =(O12 * 1000000) ^ 4 -> 8097343745 | V12: =(O12 * 1000000) ^ 2 -> 89985.242 | W12: =V12 * Q12 -> 27574155
A13: A | B13: 15 | C13: C5 | D13: C15 | E13: 8 | F13: 300 | G13: 221987744 | H13: 222987923 | I13: 222989767 | J13: 353.5 | K13: -31 | L13: =J13 + K13 -> 322.5 | M13: =H13 - G13 -> 1000179 | N13: =I13 - H13 -> 1844 | O13: =F13 / M13 -> 0.00029994631 | P13: =O13 * N13 -> 0.55310099 | Q13: =L13 - P13 -> 321.9469 | S13: =M13 - N13 -> 998335 | U13: =(O13 * 1000000) ^ 4 -> 8094202994 | V13: =(O13 * 1000000) ^ 2 -> 89967.789 | W13: =V13 * Q13 -> 28964851
... A59: A | B59: 13 | C59: C5 | D59: C15 | E59: 12 | F59: 300 | G59: 872686325 | H59: 873086232 | I59: 873088053 | J59: 831.95 | K59: 81 | L59: =J59 + K59 -> 912.95 | M59: =H59 - G59 -> 399907 | N59: =I59 - H59 -> 1821 | O59: =F59 / M59 -> 0.00075017442 | P59: =O59 * N59 -> 1.3660676 | Q59: =L59 - P59 -> 911.58393 | S59: =M59 - N59 -> 398086 | U59: =(O59 * 1000000) ^ 4 -> 316700678929 | V59: =(O59 * 1000000) ^ 2 -> 562761.65 | W59: =V59 * Q59 -> 5.1300448e+08

Sheet Train Deacceleration
A1: Track | B1: Train No | C1: Speed Step | D1: Numerator Sum | E1: Denominator Sum | F1: Deacceleration (mm/s)
A2: A | B2: 13 | C2: 8 | D2: =SUM('Raw Data'!U21:U25) -> 32778971916 | E2: =SUM('Raw Data'!W21:W25) -> 1.2174869e+08 | F2: =D2 / (2 * E2) -> 134.61735
A3: A | B3: 14 | C3: 8 | D3: =SUM('Raw Data'!U16:U20) -> 40483448875 | E3: =SUM('Raw Data'!W16:W20) -> 1.3939715e+08 | F3: =D3 / (2 * E3) -> 145.20902
A4: A | B4: 15 | C4: 8 | D4: =SUM('Raw Data'!U11:U15) -> 40477716930 | E4: =SUM('Raw Data'!W11:W15) -> 1.4024532e+08 | F4: =D4 / (2 * E4) -> 144.3104
A5: A | B5: 17 | C5: 8 | D5: =SUM('Raw Data'!U7:U10) -> 29824361469 | E5: =SUM('Raw Data'!W7:W10) -> 1.0608705e+08 | F5: =D5 / (2 * E5) -> 140.56551
A6: A | B6: 18 | C6: 8 | D6: =SUM('Raw Data'!U2:U6) -> 48975854625 | E6: =SUM('Raw Data'!W2:W6) -> 1.5835828e+08 | F6: =D6 / (2 * E6) -> 154.63623
A7: B | B7: 13 | C7: 8 | D7: =SUM('Raw Data'!U41:U44) -> 32378464159 | E7: =SUM('Raw Data'!W41:W44) -> 1.0218732e+08 | F7: =D7 / (2 * E7) -> 158.42702
A8: B | B8: 14 | C8: 8 | D8: =SUM('Raw Data'!U36:U40) -> 44729184605 | E8: =SUM('Raw Data'!W36:W40) -> 1.4340319e+08 | F8: =D8 / (2 * E8) -> 155.95603
A9: B | B9: 15 | C9: 8 | D9: =SUM('Raw Data'!U31:U35) -> 48981390317 | E9: =SUM('Raw Data'!W31:W35) -> 1.4639582e+08 | F9: =D9 / (2 * E9) -> 167.29094
A10: B | B10: 17 | C10: 8 | D10: =SUM('Raw Data'!U26:U30) -> 48967116936 | E10: =SUM('Raw Data'!W26:W30) -> 1.477478e+08 | F10: =D10 / (2 * E10) -> 165.71183
A11: B | B11: 18 | C11: 8 | D11: =SUM('Raw Data'!U46:U49) -> 36623734193 | E11: =SUM('Raw Data'!W46:W49) -> 1.1933259e+08 | F11: =D11 / (2 * E11) -> 153.45235
A12: B | C12: 12 | D12: =SUM('Raw Data'!U51:U53) -> 948627441820 | E12: =SUM('Raw Data'!W51:W53) -> 1678254662 | F12: =D12 / (2 * E12) -> 282.62321
A13: A | C13: 12 | D13: =SUM('Raw Data'!U55:U59) -> 1208532889301 | E13: =SUM('Raw Data'!W55:W59) -> 2196561972 | F13: =D13 / (2 * E13) -> 275.09647
