Workbook

Sheet Speeds
A1: Track | B1: Train | C1: Speed Step | D1: velocity (mm/s)
A2: A | B2: 13 | C2: 8 | D2: 227
A3: A | B3: 15 | C3: 8 | D3: 232
A4: A | B4: 18 | C4: 8 | D4: 242
A5: A | B5: 17 | C5: 8 | D5: 229
A6: A | B6: 14 | C6: 8 | D6: 230
A7: B | B7: 13 | C7: 8 | D7: =780 / AVERAGE('Raw Data'!G18:G22) -> 216.64831
A8: B | B8: 14 | C8: 8 | D8: =780 / AVERAGE('Raw Data'!G19:G23) -> 217.85785
A9: B | B9: 15 | C9: 8 | D9: =780 / AVERAGE('Raw Data'!G20:G24) -> 219.0813
A10: B | B10: 17 | C10: 8 | D10: =780 / AVERAGE('Raw Data'!G21:G25) -> 220.32062
A11: B | B11: 18 | C11: 8 | D11: =780 / AVERAGE('Raw Data'!G22:G26) -> 222.83946

Sheet Raw Data
A1: Track | B1: Train | C1: Speed Step | D1: Start Time (us) | E1: End Time (us) | F1: Time Difference (us) | G1: Time Difference (s)
A2: B | B2: 15 | C2: 8 | D2: 43475829 | E2: 46876143 | F2: =E2 - D2 -> 3400314 | G2: =F2 / 1000000 -> 3.400314
A3: B | B3: 15 | C3: 8 | D3: 64477768 | E3: 67978007 | F3: =E3 - D3 -> 3500239 | G3: =F3 / 1000000 -> 3.500239
A4: B | B4: 15 | C4: 8 | D4: 85579558 | E4: 89079834 | F4: =E4 - D4 -> 3500276 | G4: =F4 / 1000000 -> 3.500276
A5: B | B5: 15 | C5: 8 | D5: 106681411 | E5: 110081748 | F5: =E5 - D5 -> 3400337 | G5: =F5 / 1000000 -> 3.400337
A6: B | B6: 15 | C6: 8 | D6: 127683225 | E6: 131183491 | F6: =E6 - D6 -> 3500266 | G6: =F6 / 1000000 -> 3.500266
A7: B | B7: 15 | C7: 8 | D7: 148785122 | E7: 152185322 | F7: =E7 - D7 -> 3400200 | G7: =F7 / 1000000 -> 3.4002
A8: B | B8: 18 | C8: 8 | D8: 98845146 | E8: 102145505 | F8: =E8 - D8 -> 3300359 | G8: =F8 / 1000000 -> 3.300359
A9: B | B9: 18 | C9: 8 | D9: 118646876 | E9: 121947173 | F9: =E9 - D9 -> 3300297 | G9: =F9 / 1000000 -> 3.300297
A10: B | B10: 18 | C10: 8 | D10: 138448512 | E10: 141748888 | F10: =E10 - D10 -> 3300376 | G10: =F10 / 1000000 -> 3.300376
A11: B | B11: 18 | C11: 8 | D11: 158150296 | E11: 161450670 | F11: =E11 - D11 -> 3300374 | G11: =F11 / 1000000 -> 3.300374
A12: B | B12: 18 | C12: 8 | D12: 177852002 | E12: 181152360 | F12: =E12 - D12 -> 3300358 | G12: =F12 / 1000000 -> 3.300358
A13: B | B13: 17 | C13: 8 | D13: 33448290 | E13: 36948627 | F13: =E13 - D13 -> 3500337 | G13: =F13 / 1000000 -> 3.500337
... A27: B | B27: 14 | C27: 8 | D27: 117081955 | E27: 120582346 | F27: =E27 - D27 -> 3500391 | G27: =F27 / 1000000 -> 3.500391
